#,Name,Type 1,Type 2,All Power,HP,Attack,Defense,Sp. Atk,Sp. Def,Speed,Generation,Legendary,Trainer Region
1,ivysaur,Grass,Poison,318,45,49,49,65,65,45,1,regular,South Korea
2,venusaur,Grass,Poison,405,60,62,63,80,80,60,1,regular,United States
3,charmander,Grass,Poison,525,80,82,83,100,100,80,1,regular,United States
4,charmeleon,Fire,Fire,309,39,52,43,60,50,65,1,regular,United States
5,charizard,Fire,Fire,405,58,64,58,80,65,80,1,regular,United States
6,squirtle,Fire,Flying,534,78,84,78,109,85,100,1,regular,United Kingdom
7,wartortle,Water,Water,314,44,48,65,50,64,43,1,regular,United States
8,blastoise,Water,Water,405,59,63,80,65,80,58,1,regular,United States
9,caterpie,Water,Water,530,79,83,100,85,105,78,1,regular,United States
10,metapod,Bug,Bug,195,45,30,35,20,20,45,1,regular,France
11,butterfree,Bug,Bug,205,50,20,55,25,25,30,1,regular,Germany
12,weedle,Bug,Flying,395,60,45,50,90,80,70,1,regular,Canada
13,kakuna,Bug,Poison,195,40,35,30,20,20,50,1,regular,Germany
14,beedrill,Bug,Poison,205,45,25,50,25,25,35,1,regular,Canada
15,pidgey,Bug,Poison,395,65,90,40,45,80,75,1,regular,Belgium
16,pidgeotto,Normal,Flying,251,40,45,40,35,35,56,1,regular,Germany
17,pidgeot,Normal,Flying,349,63,60,55,50,50,71,1,regular,United States
18,rattata,Normal,Flying,479,83,80,75,70,70,101,1,regular,United States
19,raticate,Normal,Normal,253,30,56,35,25,35,72,1,regular,Mexico
20,spearow,Normal,Normal,413,55,81,60,50,70,97,1,regular,United States
21,fearow,Normal,Flying,262,40,60,30,31,31,70,1,regular,Brazil
22,ekans,Normal,Flying,442,65,90,65,61,61,100,1,regular,United States
23,arbok,Poison,Poison,288,35,60,44,40,54,55,1,regular,United States
24,pikachu,Poison,Poison,438,60,85,69,65,79,80,1,regular,Japan
25,raichu,Electric,Electric,320,35,55,40,50,50,90,1,regular,Japan
26,sandshrew,Electric,Electric,485,60,90,55,90,80,110,1,regular,Germany
27,sandslash,Ground,Ground,300,50,75,85,20,30,40,1,regular,United States
28,nidoran-f,Ground,Ground,450,75,100,110,45,55,65,1,regular,United States
29,nidorina,Poison,Poison,275,55,47,52,40,40,41,1,regular,Japan
30,nidoqueen,Poison,Poison,365,70,62,67,55,55,56,1,regular,Germany
31,nidoran-m,Poison,Ground,505,90,92,87,75,85,76,1,regular,United Kingdom
32,nidorino,Poison,Poison,273,46,57,40,40,40,50,1,regular,United States
33,nidoking,Poison,Poison,365,61,72,57,55,55,65,1,regular,United States
34,clefairy,Poison,Ground,505,81,102,77,85,75,85,1,regular,United States
35,clefable,Fairy,Fairy,323,70,45,48,60,65,35,1,regular,United States
36,vulpix,Fairy,Fairy,483,95,70,73,95,90,60,1,regular,Germany
37,ninetales,Fire,Fire,299,38,41,40,50,65,65,1,regular,United States
38,jigglypuff,Fire,Fire,505,73,76,75,81,100,100,1,regular,United States
39,wigglytuff,Normal,Fairy,270,115,45,20,45,25,20,1,regular,Canada
40,zubat,Normal,Fairy,435,140,70,45,85,50,45,1,regular,United States
41,golbat,Poison,Flying,245,40,45,35,30,40,55,1,regular,Canada
42,oddish,Poison,Flying,455,75,80,70,65,75,90,1,regular,Germany
43,gloom,Grass,Poison,320,45,50,55,75,65,30,1,regular,United States
44,vileplume,Grass,Poison,395,60,65,70,85,75,40,1,regular,United States
45,paras,Grass,Poison,490,75,80,85,110,90,50,1,regular,United States
46,parasect,Bug,Grass,285,35,70,55,45,55,25,1,regular,United States
47,venonat,Bug,Grass,405,60,95,80,60,80,30,1,regular,United States
48,venomoth,Bug,Poison,305,60,55,50,40,55,45,1,regular,United States
49,diglett,Bug,Poison,450,70,65,60,90,75,90,1,regular,United States
50,dugtrio,Ground,Ground,265,10,55,25,35,45,95,1,regular,Japan
51,meowth,Ground,Ground,405,35,80,50,50,70,120,1,regular,Japan
52,persian,Normal,Normal,290,40,45,35,40,40,90,1,regular,United States
53,psyduck,Normal,Normal,440,65,70,60,65,65,115,1,regular,Belgium
54,golduck,Water,Water,320,50,52,48,65,50,55,1,regular,United States
55,mankey,Water,Water,500,80,82,78,95,80,85,1,regular,United Kingdom
56,primeape,Fighting,Fighting,305,40,80,35,35,45,70,1,regular,United States
57,growlithe,Fighting,Fighting,455,65,105,60,60,70,95,1,regular,Japan
58,arcanine,Fire,Fire,350,55,70,45,70,50,60,1,regular,United States
59,poliwag,Fire,Fire,555,90,110,80,100,80,95,1,regular,South Korea
60,poliwhirl,Water,Water,300,40,50,40,40,40,90,1,regular,United States
61,poliwrath,Water,Water,385,65,65,65,50,50,90,1,regular,Canada
62,abra,Water,Fighting,510,90,95,95,70,90,70,1,regular,United Kingdom
63,kadabra,Psychic,Psychic,310,25,20,15,105,55,90,1,regular,Canada
64,alakazam,Psychic,Psychic,400,40,35,30,120,70,105,1,regular,Japan
65,machop,Psychic,Psychic,500,55,50,45,135,95,120,1,regular,United States
66,machoke,Fighting,Fighting,305,70,80,50,35,35,35,1,regular,Italy
67,machamp,Fighting,Fighting,405,80,100,70,50,60,45,1,regular,France
68,bellsprout,Fighting,Fighting,505,90,130,80,65,85,55,1,regular,Anguilla
69,weepinbell,Grass,Poison,300,50,75,35,70,30,40,1,regular,United States
70,victreebel,Grass,Poison,390,65,90,50,85,45,55,1,regular,Canada
71,tentacool,Grass,Poison,490,80,105,65,100,70,70,1,regular,United Kingdom
72,tentacruel,Water,Poison,335,40,40,35,50,100,70,1,regular,Spain
73,geodude,Water,Poison,515,80,70,65,80,120,100,1,regular,Italy
74,graveler,Rock,Ground,300,40,80,100,30,30,20,1,regular,United States
75,golem,Rock,Ground,390,55,95,115,45,45,35,1,regular,France
76,ponyta,Rock,Ground,495,80,120,130,55,65,45,1,regular,United States
77,rapidash,Fire,Fire,410,50,85,55,65,65,90,1,regular,Italy
78,slowpoke,Fire,Fire,500,65,100,70,80,80,105,1,regular,United States
79,slowbro,Water,Psychic,315,90,65,65,40,40,15,1,regular,Austria
80,magnemite,Water,Psychic,490,95,75,110,100,80,30,1,regular,Germany
81,magneton,Electric,Steel,325,25,35,70,95,55,45,1,regular,United States
82,farfetchd,Electric,Steel,465,50,60,95,120,70,70,1,regular,Belgium
83,doduo,Normal,Flying,352,52,65,55,58,62,60,1,regular,United States
84,dodrio,Normal,Flying,310,35,85,45,35,35,75,1,regular,Germany
85,seel,Normal,Flying,460,60,110,70,60,60,100,1,regular,Peru
86,dewgong,Water,Water,325,65,45,55,45,70,45,1,regular,France
87,grimer,Water,Ice,475,90,70,80,70,95,70,1,regular,Germany
88,muk,Poison,Poison,325,80,80,50,40,50,25,1,regular,Spain
89,shellder,Poison,Poison,500,105,105,75,65,100,50,1,regular,Mexico
90,cloyster,Water,Water,305,30,65,100,45,25,40,1,regular,United States
91,gastly,Water,Ice,525,50,95,180,85,45,70,1,regular,Canada
92,haunter,Ghost,Poison,310,30,35,30,100,35,80,1,regular,Germany
93,gengar,Ghost,Poison,405,45,50,45,115,55,95,1,regular,Germany
94,onix,Ghost,Poison,500,60,65,60,130,75,110,1,regular,Canada
95,drowzee,Rock,Ground,385,35,45,160,30,45,70,1,regular,United States
96,hypno,Psychic,Psychic,328,60,48,45,43,90,42,1,regular,Spain
97,krabby,Psychic,Psychic,483,85,73,70,73,115,67,1,regular,Japan
98,kingler,Water,Water,325,30,105,90,25,25,50,1,regular,Japan
99,voltorb,Water,Water,475,55,130,115,50,50,75,1,regular,Russia
100,electrode,Electric,Electric,330,40,30,50,55,55,100,1,regular,Netherlands
101,exeggcute,Electric,Electric,480,60,50,70,80,80,140,1,regular,Switzerland
102,exeggutor,Grass,Psychic,325,60,40,80,60,45,40,1,regular,Spain
103,cubone,Grass,Psychic,520,95,95,85,125,65,55,1,regular,United States
104,marowak,Ground,Ground,320,50,50,95,40,50,35,1,regular,Sweden
105,hitmonlee,Ground,Ground,425,60,80,110,50,80,45,1,regular,France
106,hitmonchan,Fighting,Fighting,455,50,120,53,35,110,87,1,regular,United States
107,lickitung,Fighting,Fighting,455,50,105,79,35,110,76,1,regular,United Kingdom
108,koffing,Normal,Normal,385,90,55,75,60,75,30,1,regular,France
109,weezing,Poison,Poison,340,40,65,95,60,45,35,1,regular,United States
110,rhyhorn,Poison,Poison,490,65,90,120,85,70,60,1,regular,United Kingdom
111,rhydon,Ground,Rock,345,80,85,95,30,30,25,1,regular,France
112,chansey,Ground,Rock,485,105,130,120,45,45,40,1,regular,Germany
113,tangela,Normal,Normal,450,250,5,5,35,105,50,1,regular,United States
114,kangaskhan,Grass,Grass,435,65,55,115,100,40,60,1,regular,United States
115,horsea,Normal,Normal,490,105,95,80,40,80,90,1,regular,Portugal
116,seadra,Water,Water,295,30,40,70,70,25,60,1,regular,Canada
117,goldeen,Water,Water,440,55,65,95,95,45,85,1,regular,United Kingdom
118,seaking,Water,Water,320,45,67,60,35,50,63,1,regular,United States
119,staryu,Water,Water,450,80,92,65,65,80,68,1,regular,United States
120,starmie,Water,Water,340,30,45,55,70,55,85,1,regular,France
121,mr-mime,Water,Psychic,520,60,75,85,100,85,115,1,regular,Italy
122,scyther,Psychic,Fairy,460,40,45,65,100,120,90,1,regular,United States
123,jynx,Bug,Flying,500,70,110,80,55,80,105,1,regular,Japan
124,electabuzz,Ice,Psychic,455,65,50,35,115,95,95,1,regular,United States
125,magmar,Electric,Electric,490,65,83,57,95,85,105,1,regular,Japan
126,pinsir,Fire,Fire,495,65,95,57,100,85,93,1,regular,Germany
127,tauros,Bug,Bug,500,65,125,100,55,70,85,1,regular,United States
128,magikarp,Normal,Normal,490,75,100,95,40,70,110,1,regular,United States
129,gyarados,Water,Water,200,20,10,55,15,20,80,1,regular,Japan
130,lapras,Water,Flying,540,95,125,79,60,100,81,1,regular,United States
131,ditto,Water,Ice,535,130,85,80,85,95,60,1,regular,Spain
132,eevee,Normal,Normal,288,48,48,48,48,48,48,1,regular,United States
133,vaporeon,Normal,Normal,325,55,55,50,45,65,55,1,regular,United States
134,jolteon,Water,Water,525,130,65,60,110,95,65,1,regular,Japan
135,flareon,Electric,Electric,525,65,65,60,110,95,130,1,regular,United States
136,porygon,Fire,Fire,525,65,130,60,95,110,65,1,regular,Spain
137,omanyte,Normal,Normal,395,65,60,70,85,75,40,1,regular,United States
138,omastar,Rock,Water,355,35,40,100,90,55,35,1,regular,United States
139,kabuto,Rock,Water,495,70,60,125,115,70,55,1,regular,United States
140,kabutops,Rock,Water,355,30,80,90,55,45,55,1,regular,Ireland
141,aerodactyl,Rock,Water,495,60,115,105,65,70,80,1,regular,United States
142,snorlax,Rock,Flying,515,80,105,65,60,75,130,1,regular,Austria
143,articuno,Normal,Normal,540,160,110,65,65,110,30,1,regular,United Kingdom
144,zapdos,Ice,Flying,580,90,85,100,95,125,85,1,legendary,Norway
145,moltres,Electric,Flying,580,90,90,85,125,90,100,1,legendary,Australia
146,dratini,Fire,Flying,580,90,100,90,125,85,90,1,legendary,Italy
147,dragonair,Dragon,Dragon,300,41,64,45,50,50,50,1,regular,Japan
148,dragonite,Dragon,Dragon,420,61,84,65,70,70,70,1,regular,Japan
149,mewtwo,Dragon,Flying,600,91,134,95,100,100,80,1,regular,Japan
150,mew,Psychic,Psychic,680,106,110,90,154,90,130,1,legendary,Japan
151,chikorita,Psychic,Psychic,600,100,100,100,100,100,100,1,regular,United Kingdom
152,bayleef,Grass,Grass,318,45,49,65,49,65,45,2,regular,United Kingdom
153,meganium,Grass,Grass,405,60,62,80,63,80,60,2,regular,South Korea
154,cyndaquil,Grass,Grass,525,80,82,100,83,100,80,2,regular,Japan
155,quilava,Fire,Fire,309,39,52,43,60,50,65,2,regular,Japan
156,typhlosion,Fire,Fire,405,58,64,58,80,65,80,2,regular,Japan
157,totodile,Fire,Fire,534,78,84,78,109,85,100,2,regular,Japan
158,croconaw,Water,Water,314,50,65,64,44,48,43,2,regular,Japan
159,feraligatr,Water,Water,405,65,80,80,59,63,58,2,regular,United Kingdom
160,sentret,Water,Water,530,85,105,100,79,83,78,2,regular,Japan
161,furret,Normal,Normal,215,35,46,34,35,45,20,2,regular,Germany
162,hoothoot,Normal,Normal,415,85,76,64,45,55,90,2,regular,Japan
163,noctowl,Normal,Flying,262,60,30,30,36,56,50,2,regular,Germany
164,ledyba,Normal,Flying,442,100,50,50,76,96,70,2,regular,France
165,ledian,Bug,Flying,265,40,20,30,40,80,55,2,regular,Japan
166,spinarak,Bug,Flying,390,55,35,50,55,110,85,2,regular,Japan
167,ariados,Bug,Poison,250,40,60,40,40,40,30,2,regular,United States
168,crobat,Bug,Poison,390,70,90,70,60,60,40,2,regular,Japan
169,chinchou,Poison,Flying,535,85,90,80,70,80,130,2,regular,Sweden
170,lanturn,Water,Electric,330,75,38,38,56,56,67,2,regular,Netherlands
171,pichu,Water,Electric,460,125,58,58,76,76,67,2,regular,Japan
172,cleffa,Electric,Electric,205,20,40,15,35,35,60,2,regular,Japan
173,igglybuff,Fairy,Fairy,218,50,25,28,45,55,15,2,regular,United Kingdom
174,togepi,Normal,Fairy,210,90,30,15,40,20,15,2,regular,South Korea
175,togetic,Fairy,Fairy,245,35,20,65,40,65,20,2,regular,Germany
176,natu,Fairy,Flying,405,55,40,85,80,105,40,2,regular,Japan
177,xatu,Psychic,Flying,320,40,50,45,70,45,70,2,regular,Germany
178,mareep,Psychic,Flying,470,65,75,70,95,70,95,2,regular,Japan
179,flaaffy,Electric,Electric,280,55,40,40,65,45,35,2,regular,Japan
180,ampharos,Electric,Electric,365,70,55,55,80,60,45,2,regular,United States
181,bellossom,Electric,Electric,510,90,75,85,115,90,55,2,regular,Japan
182,marill,Grass,Grass,490,75,80,95,90,100,50,2,regular,Spain
183,azumarill,Water,Fairy,250,70,20,50,20,50,40,2,regular,Japan
184,sudowoodo,Water,Fairy,420,100,50,80,60,80,50,2,regular,Japan
185,politoed,Rock,Rock,410,70,100,115,30,65,30,2,regular,Japan
186,hoppip,Water,Water,500,90,75,75,90,100,70,2,regular,Japan
187,skiploom,Grass,Flying,250,35,35,40,35,55,50,2,regular,United States
188,jumpluff,Grass,Flying,340,55,45,50,45,65,80,2,regular,United States
189,aipom,Grass,Flying,460,75,55,70,55,95,110,2,regular,Japan
190,sunkern,Normal,Normal,360,55,70,55,40,55,85,2,regular,Spain
191,sunflora,Grass,Grass,180,30,30,30,30,30,30,2,regular,United States
192,yanma,Grass,Grass,425,75,75,55,105,85,30,2,regular,United Kingdom
193,wooper,Bug,Flying,390,65,65,45,75,45,95,2,regular,France
194,quagsire,Water,Ground,210,55,45,45,25,25,15,2,regular,Japan
195,espeon,Water,Ground,430,95,85,85,65,65,35,2,regular,France
196,umbreon,Psychic,Psychic,525,65,65,60,130,95,110,2,regular,United States
197,murkrow,Dark,Dark,525,95,65,110,60,130,65,2,regular,Japan
198,slowking,Dark,Flying,405,60,85,42,85,42,91,2,regular,Japan
199,misdreavus,Water,Psychic,490,95,75,80,100,110,30,2,regular,France
200,unown,Ghost,Ghost,435,60,60,60,85,85,85,2,regular,Japan
201,wobbuffet,Psychic,Psychic,336,48,72,48,72,48,48,2,regular,Spain
202,girafarig,Psychic,Psychic,405,190,33,58,33,58,33,2,regular,Germany
203,pineco,Normal,Psychic,455,70,80,65,90,65,85,2,regular,Japan
204,forretress,Bug,Bug,290,50,65,90,35,35,15,2,regular,Norway
205,dunsparce,Bug,Steel,465,75,90,140,60,60,40,2,regular,Germany
206,gligar,Normal,Normal,415,100,70,70,65,65,45,2,regular,Italy
207,steelix,Ground,Flying,430,65,75,105,35,65,85,2,regular,Germany
208,snubbull,Steel,Ground,510,75,85,200,55,65,30,2,regular,United Kingdom
209,granbull,Fairy,Fairy,300,60,80,50,40,40,30,2,regular,Japan
210,qwilfish,Fairy,Fairy,450,90,120,75,60,60,45,2,regular,United States
211,scizor,Water,Poison,430,65,95,75,55,55,85,2,regular,Italy
212,shuckle,Bug,Steel,500,70,130,100,55,80,65,2,regular,Japan
213,heracross,Bug,Rock,505,20,10,230,10,230,5,2,regular,Peru
214,sneasel,Bug,Fighting,500,80,125,75,40,95,85,2,regular,Germany
215,teddiursa,Dark,Ice,430,55,95,55,35,75,115,2,regular,Spain
216,ursaring,Normal,Normal,330,60,80,50,50,50,40,2,regular,Poland
217,slugma,Normal,Normal,500,90,130,75,75,75,55,2,regular,New Zealand
218,magcargo,Fire,Fire,250,40,40,40,70,40,20,2,regular,United States
219,swinub,Fire,Rock,410,50,50,120,80,80,30,2,regular,Spain
220,piloswine,Ice,Ground,250,50,50,40,30,30,50,2,regular,Germany
221,corsola,Ice,Ground,450,100,100,80,60,60,50,2,regular,Spain
222,remoraid,Water,Rock,380,55,55,85,65,85,35,2,regular,Japan
223,octillery,Water,Water,300,35,65,35,65,35,65,2,regular,Canada
224,delibird,Water,Water,480,75,105,75,105,75,45,2,regular,France
225,mantine,Ice,Flying,330,45,55,45,65,45,75,2,regular,France
226,skarmory,Water,Flying,465,65,40,70,80,140,70,2,regular,United States
227,houndour,Steel,Flying,465,65,80,140,40,70,70,2,regular,United States
228,houndoom,Dark,Fire,330,45,60,30,80,50,65,2,regular,Japan
229,kingdra,Dark,Fire,500,75,90,50,110,80,95,2,regular,Japan
230,phanpy,Water,Dragon,540,75,95,95,95,95,85,2,regular,Netherlands
231,donphan,Ground,Ground,330,90,60,60,40,40,40,2,regular,United Kingdom
232,porygon2,Ground,Ground,500,90,120,120,60,60,50,2,regular,Japan
233,stantler,Normal,Normal,515,85,80,90,105,95,60,2,regular,Japan
234,smeargle,Normal,Normal,465,73,95,62,85,65,85,2,regular,Italy
235,tyrogue,Normal,Normal,250,55,20,35,20,45,75,2,regular,United States
236,hitmontop,Fighting,Fighting,210,35,35,35,35,35,35,2,regular,Japan
237,smoochum,Fighting,Fighting,455,50,95,95,35,110,70,2,regular,Japan
238,elekid,Ice,Psychic,305,45,30,15,85,65,65,2,regular,Germany
239,magby,Electric,Electric,360,45,63,37,65,55,95,2,regular,Japan
240,miltank,Fire,Fire,365,45,75,37,70,55,83,2,regular,Japan
241,blissey,Normal,Normal,490,95,80,105,40,70,100,2,regular,Japan
242,raikou,Normal,Normal,540,255,10,10,75,135,55,2,regular,Australia
243,entei,Electric,Electric,580,90,85,75,115,100,115,2,legendary,Japan
244,suicune,Fire,Fire,580,115,115,85,90,75,100,2,legendary,Japan
245,larvitar,Water,Water,580,100,75,115,90,115,85,2,legendary,Japan
246,pupitar,Rock,Ground,300,50,64,50,45,50,41,2,regular,Canada
247,tyranitar,Rock,Ground,410,70,84,70,65,70,51,2,regular,Japan
248,lugia,Rock,Dark,600,100,134,110,95,100,61,2,regular,Anguilla
249,ho-oh,Psychic,Flying,680,106,90,130,90,154,110,2,legendary,Japan
250,celebi,Fire,Flying,680,106,130,90,110,154,90,2,legendary,Italy
251,treecko,Psychic,Grass,600,100,100,100,100,100,100,2,regular,South Korea
252,grovyle,Grass,Grass,310,40,45,35,65,55,70,3,regular,Japan
253,sceptile,Grass,Grass,405,50,65,45,85,65,95,3,regular,Germany
254,torchic,Grass,Grass,530,70,85,65,105,85,120,3,regular,Japan
255,combusken,Fire,Fire,310,45,60,40,70,50,45,3,regular,Japan
256,blaziken,Fire,Fighting,405,60,85,60,85,60,55,3,regular,Japan
257,mudkip,Fire,Fighting,530,80,120,70,110,70,80,3,regular,Ireland
258,marshtomp,Water,Water,310,50,70,50,50,50,40,3,regular,Japan
259,swampert,Water,Ground,405,70,85,70,60,70,50,3,regular,Chile
260,poochyena,Water,Ground,535,100,110,90,85,90,60,3,regular,Japan
261,mightyena,Dark,Dark,220,35,55,35,30,30,35,3,regular,Japan
262,zigzagoon,Dark,Dark,420,70,90,70,60,60,70,3,regular,Japan
263,linoone,Normal,Normal,240,38,30,41,30,41,60,3,regular,United States
264,wurmple,Normal,Normal,420,78,70,61,50,61,100,3,regular,Japan
265,silcoon,Bug,Bug,195,45,45,35,20,30,20,3,regular,Netherlands
266,beautifly,Bug,Bug,205,50,35,55,25,25,15,3,regular,United Kingdom
267,cascoon,Bug,Flying,395,60,70,50,100,50,65,3,regular,United States
268,dustox,Bug,Bug,205,50,35,55,25,25,15,3,regular,Portugal
269,lotad,Bug,Poison,385,60,50,70,50,90,65,3,regular,Japan
270,lombre,Water,Grass,220,40,30,30,40,50,30,3,regular,Russia
271,ludicolo,Water,Grass,340,60,50,50,60,70,50,3,regular,United States
272,seedot,Water,Grass,480,80,70,70,90,100,70,3,regular,Spain
273,nuzleaf,Grass,Grass,220,40,40,50,30,30,30,3,regular,Italy
274,shiftry,Grass,Dark,340,70,70,40,60,40,60,3,regular,Germany
275,taillow,Grass,Dark,480,90,100,60,90,60,80,3,regular,United States
276,swellow,Normal,Flying,270,40,55,30,30,30,85,3,regular,Germany
277,wingull,Normal,Flying,430,60,85,60,50,50,125,3,regular,United States
278,pelipper,Water,Flying,270,40,30,30,55,30,85,3,regular,France
279,ralts,Water,Flying,430,60,50,100,85,70,65,3,regular,Japan
280,kirlia,Psychic,Fairy,198,28,25,25,45,35,40,3,regular,Spain
281,gardevoir,Psychic,Fairy,278,38,35,35,65,55,50,3,regular,Germany
282,surskit,Psychic,Fairy,518,68,65,65,125,115,80,3,regular,United States
283,masquerain,Bug,Water,269,40,30,32,50,52,65,3,regular,France
284,shroomish,Bug,Flying,414,70,60,62,80,82,60,3,regular,France
285,breloom,Grass,Grass,295,60,40,60,40,60,35,3,regular,United States
286,slakoth,Grass,Fighting,460,60,130,80,60,60,70,3,regular,United Kingdom
287,vigoroth,Normal,Normal,280,60,60,60,35,35,30,3,regular,United Kingdom
288,slaking,Normal,Normal,440,80,80,80,55,55,90,3,regular,United States
289,nincada,Normal,Normal,670,150,160,100,95,65,100,3,regular,Japan
290,ninjask,Bug,Ground,266,31,45,90,30,30,40,3,regular,Germany
291,shedinja,Bug,Flying,456,61,90,45,50,50,160,3,regular,Japan
292,whismur,Bug,Ghost,236,1,90,45,30,30,40,3,regular,Italy
293,loudred,Normal,Normal,240,64,51,23,51,23,28,3,regular,Japan
294,exploud,Normal,Normal,360,84,71,43,71,43,48,3,regular,United States
295,makuhita,Normal,Normal,490,104,91,63,91,73,68,3,regular,Japan
296,hariyama,Fighting,Fighting,237,72,60,30,20,30,25,3,regular,United States
297,azurill,Fighting,Fighting,474,144,120,60,40,60,50,3,regular,United States
298,nosepass,Normal,Fairy,190,50,20,40,20,40,20,3,regular,Germany
299,skitty,Rock,Rock,375,30,45,135,45,90,30,3,regular,United Kingdom
300,delcatty,Normal,Normal,260,50,45,45,35,35,50,3,regular,Japan
301,sableye,Normal,Normal,380,70,65,65,55,55,70,3,regular,Mexico
302,mawile,Dark,Ghost,380,50,75,75,65,65,50,3,regular,France
303,aron,Steel,Fairy,380,50,85,85,55,55,50,3,regular,Germany
304,lairon,Steel,Rock,330,50,70,100,40,40,30,3,regular,Japan
305,aggron,Steel,Rock,430,60,90,140,50,50,40,3,regular,United States
306,meditite,Steel,Rock,530,70,110,180,60,60,50,3,regular,Japan
307,medicham,Fighting,Psychic,280,30,40,55,40,55,60,3,regular,United States
308,electrike,Fighting,Psychic,410,60,60,75,60,75,80,3,regular,United States
309,manectric,Electric,Electric,295,40,45,40,65,40,65,3,regular,Japan
310,plusle,Electric,Electric,475,70,75,60,105,60,105,3,regular,Japan
311,minun,Electric,Electric,405,60,50,40,85,75,95,3,regular,United Kingdom
312,volbeat,Electric,Electric,405,60,40,50,75,85,95,3,regular,France
313,illumise,Bug,Bug,400,65,73,55,47,75,85,3,regular,Spain
314,roselia,Bug,Bug,400,65,47,55,73,75,85,3,regular,United States
315,gulpin,Grass,Poison,400,50,60,45,100,80,65,3,regular,Switzerland
316,swalot,Poison,Poison,302,70,43,53,43,53,40,3,regular,United Kingdom
317,carvanha,Poison,Poison,467,100,73,83,73,83,55,3,regular,United States
318,sharpedo,Water,Dark,305,45,90,20,65,20,65,3,regular,United States
319,wailmer,Water,Dark,460,70,120,40,95,40,95,3,regular,United States
320,wailord,Water,Water,400,130,70,35,70,35,60,3,regular,Netherlands
321,numel,Water,Water,500,170,90,45,90,45,60,3,regular,United States
322,camerupt,Fire,Ground,305,60,60,40,65,45,35,3,regular,United Kingdom
323,torkoal,Fire,Ground,460,70,100,70,105,75,40,3,regular,Brazil
324,spoink,Fire,Fire,470,70,85,140,85,70,20,3,regular,United States
325,grumpig,Psychic,Psychic,330,60,25,35,70,80,60,3,regular,Spain
326,spinda,Psychic,Psychic,470,80,45,65,90,110,80,3,regular,Spain
327,trapinch,Normal,Normal,360,60,60,60,60,60,60,3,regular,United States
328,vibrava,Ground,Ground,290,45,100,45,45,45,10,3,regular,United States
329,flygon,Ground,Dragon,340,50,70,50,50,50,70,3,regular,Japan
330,cacnea,Ground,Dragon,520,80,100,80,80,80,100,3,regular,Japan
331,cacturne,Grass,Grass,335,50,85,40,85,40,35,3,regular,Japan
332,swablu,Grass,Dark,475,70,115,60,115,60,55,3,regular,Canada
333,altaria,Normal,Flying,310,45,40,60,40,75,50,3,regular,United States
334,zangoose,Dragon,Flying,490,75,70,90,70,105,80,3,regular,Japan
335,seviper,Normal,Normal,458,73,115,60,60,60,90,3,regular,Mexico
336,lunatone,Poison,Poison,458,73,100,60,100,60,65,3,regular,Japan
337,solrock,Rock,Psychic,440,70,55,65,95,85,70,3,regular,United States
338,barboach,Rock,Psychic,440,70,95,85,55,65,70,3,regular,United States
339,whiscash,Water,Ground,288,50,48,43,46,41,60,3,regular,Spain
340,corphish,Water,Ground,468,110,78,73,76,71,60,3,regular,United States
341,crawdaunt,Water,Water,308,43,80,65,50,35,35,3,regular,United States
342,baltoy,Water,Dark,468,63,120,85,90,55,55,3,regular,United States
343,claydol,Ground,Psychic,300,40,40,55,40,70,55,3,regular,United States
344,lileep,Ground,Psychic,500,60,70,105,70,120,75,3,regular,United States
345,cradily,Rock,Grass,355,66,41,77,61,87,23,3,regular,Japan
346,anorith,Rock,Grass,495,86,81,97,81,107,43,3,regular,United States
347,armaldo,Rock,Bug,355,45,95,50,40,50,75,3,regular,Japan
348,feebas,Rock,Bug,495,75,125,100,70,80,45,3,regular,Japan
349,milotic,Water,Water,200,20,15,20,10,55,80,3,regular,United States
350,castform,Water,Water,540,95,60,79,100,125,81,3,regular,United States
351,kecleon,Normal,Normal,420,70,70,70,70,70,70,3,regular,United States
352,shuppet,Normal,Normal,440,60,90,70,60,120,40,3,regular,Japan
353,banette,Ghost,Ghost,295,44,75,35,63,33,45,3,regular,Japan
354,duskull,Ghost,Ghost,455,64,115,65,83,63,65,3,regular,Japan
355,dusclops,Ghost,Ghost,295,20,40,90,30,90,25,3,regular,Japan
356,tropius,Ghost,Ghost,455,40,70,130,60,130,25,3,regular,Japan
357,chimecho,Grass,Flying,460,99,68,83,72,87,51,3,regular,United States
358,absol,Psychic,Psychic,425,65,50,70,95,80,65,3,regular,Japan
359,wynaut,Dark,Dark,465,65,130,60,75,60,75,3,regular,United Kingdom
360,snorunt,Psychic,Psychic,260,95,23,48,23,48,23,3,regular,United States
361,glalie,Ice,Ice,300,50,50,50,50,50,50,3,regular,Spain
362,spheal,Ice,Ice,480,80,80,80,80,80,80,3,regular,Japan
363,sealeo,Ice,Water,290,70,40,50,55,50,25,3,regular,United States
364,walrein,Ice,Water,410,90,60,70,75,70,45,3,regular,Japan
365,clamperl,Ice,Water,530,110,80,90,95,90,65,3,regular,Japan
366,huntail,Water,Water,345,35,64,85,74,55,32,3,regular,United Kingdom
367,gorebyss,Water,Water,485,55,104,105,94,75,52,3,regular,United States
368,relicanth,Water,Water,485,55,84,105,114,75,52,3,regular,Japan
369,luvdisc,Water,Rock,485,100,90,130,45,65,55,3,regular,Japan
370,bagon,Water,Water,330,43,30,55,40,65,97,3,regular,United States
371,shelgon,Dragon,Dragon,300,45,75,60,40,30,50,3,regular,Mexico
372,salamence,Dragon,Dragon,420,65,95,100,60,50,50,3,regular,Japan
373,beldum,Dragon,Flying,600,95,135,80,110,80,100,3,regular,Italy
374,metang,Steel,Psychic,300,40,55,80,35,60,30,3,regular,Italy
375,metagross,Steel,Psychic,420,60,75,100,55,80,50,3,regular,Spain
376,regirock,Steel,Psychic,600,80,135,130,95,90,70,3,regular,United Kingdom
377,regice,Rock,Rock,580,80,100,200,50,100,50,3,legendary,United Kingdom
378,registeel,Ice,Ice,580,80,50,100,100,200,50,3,legendary,France
379,latias,Steel,Steel,580,80,75,150,75,150,50,3,legendary,United States
380,latios,Dragon,Psychic,600,80,80,90,110,130,110,3,legendary,Japan
381,kyogre,Dragon,Psychic,600,80,90,80,130,110,110,3,legendary,United States
382,groudon,Water,Water,670,100,100,90,150,140,90,3,legendary,Japan
383,rayquaza,Ground,Ground,670,100,150,140,100,90,90,3,legendary,Japan
384,jirachi,Dragon,Flying,680,105,150,90,150,90,95,3,legendary,Japan
385,deoxys-normal,Steel,Psychic,600,100,100,100,100,100,100,3,legendary,United States
386,turtwig,Psychic,Psychic,600,50,150,50,150,50,150,3,legendary,Germany
387,grotle,Grass,Grass,318,55,68,64,45,55,31,4,regular,Japan
388,torterra,Grass,Grass,405,75,89,85,55,65,36,4,regular,United States
389,chimchar,Grass,Ground,525,95,109,105,75,85,56,4,regular,United Kingdom
390,monferno,Fire,Fire,309,44,58,44,58,44,61,4,regular,United States
391,infernape,Fire,Fighting,405,64,78,52,78,52,81,4,regular,France
392,piplup,Fire,Fighting,534,76,104,71,104,71,108,4,regular,Italy
393,prinplup,Water,Water,314,53,51,53,61,56,40,4,regular,United Kingdom
394,empoleon,Water,Water,405,64,66,68,81,76,50,4,regular,Germany
395,starly,Water,Steel,530,84,86,88,111,101,60,4,regular,Germany
396,staravia,Normal,Flying,245,40,55,30,30,30,60,4,regular,Austria
397,staraptor,Normal,Flying,340,55,75,50,40,40,80,4,regular,United Kingdom
398,bidoof,Normal,Flying,485,85,120,70,50,60,100,4,regular,Spain
399,bibarel,Normal,Normal,250,59,45,40,35,40,31,4,regular,France
400,kricketot,Normal,Water,410,79,85,60,55,60,71,4,regular,Japan
401,kricketune,Bug,Bug,194,37,25,41,25,41,25,4,regular,Japan
402,shinx,Bug,Bug,384,77,85,51,55,51,65,4,regular,United States
403,luxio,Electric,Electric,263,45,65,34,40,34,45,4,regular,United States
404,luxray,Electric,Electric,363,60,85,49,60,49,60,4,regular,Japan
405,budew,Electric,Electric,523,80,120,79,95,79,70,4,regular,Netherlands
406,roserade,Grass,Poison,280,40,30,35,50,70,55,4,regular,United States
407,cranidos,Grass,Poison,515,60,70,65,125,105,90,4,regular,Japan
408,rampardos,Rock,Rock,350,67,125,40,30,30,58,4,regular,United States
409,shieldon,Rock,Rock,495,97,165,60,65,50,58,4,regular,Switzerland
410,bastiodon,Rock,Steel,350,30,42,118,42,88,30,4,regular,Japan
411,burmy,Rock,Steel,495,60,52,168,47,138,30,4,regular,Finland
412,wormadam-plant,Bug,Bug,224,40,29,45,29,45,36,4,regular,United States
413,mothim,Bug,Grass,424,60,59,85,79,105,36,4,regular,United States
414,combee,Bug,Flying,424,70,94,50,94,50,66,4,regular,United States
415,vespiquen,Bug,Flying,244,30,30,42,30,42,70,4,regular,Japan
416,pachirisu,Bug,Flying,474,70,80,102,80,102,40,4,regular,France
417,buizel,Electric,Electric,405,60,45,70,45,90,95,4,regular,Germany
418,floatzel,Water,Water,330,55,65,35,60,30,85,4,regular,United States
419,cherubi,Water,Water,495,85,105,55,85,50,115,4,regular,Germany
420,cherrim,Grass,Grass,275,45,35,45,62,53,35,4,regular,Germany
421,shellos,Grass,Grass,450,70,60,70,87,78,85,4,regular,United States
422,gastrodon,Water,Water,325,76,48,48,57,62,34,4,regular,Brazil
423,ambipom,Water,Ground,475,111,83,68,92,82,39,4,regular,Japan
424,drifloon,Normal,Normal,482,75,100,66,60,66,115,4,regular,Mexico
425,drifblim,Ghost,Flying,348,90,50,34,60,44,70,4,regular,Germany
426,buneary,Ghost,Flying,498,150,80,44,90,54,80,4,regular,Mexico
427,lopunny,Normal,Normal,350,55,66,44,44,56,85,4,regular,United States
428,mismagius,Normal,Normal,480,65,76,84,54,96,105,4,regular,Italy
429,honchkrow,Ghost,Ghost,495,60,60,60,105,105,105,4,regular,Germany
430,glameow,Dark,Flying,505,100,125,52,105,52,71,4,regular,Italy
431,purugly,Normal,Normal,310,49,55,42,42,37,85,4,regular,Italy
432,chingling,Normal,Normal,452,71,82,64,64,59,112,4,regular,France
433,stunky,Psychic,Psychic,285,45,30,50,65,50,45,4,regular,United States
434,skuntank,Poison,Dark,329,63,63,47,41,41,74,4,regular,United States
435,bronzor,Poison,Dark,479,103,93,67,71,61,84,4,regular,Japan
436,bronzong,Steel,Psychic,300,57,24,86,24,86,23,4,regular,United States
437,bonsly,Steel,Psychic,500,67,89,116,79,116,33,4,regular,Spain
438,mime-jr,Rock,Rock,290,50,80,95,10,45,10,4,regular,Spain
439,happiny,Psychic,Fairy,310,20,25,45,70,90,60,4,regular,United States
440,chatot,Normal,Normal,220,100,5,5,15,65,30,4,regular,Finland
441,spiritomb,Normal,Flying,411,76,65,45,92,42,91,4,regular,Japan
442,gible,Ghost,Dark,485,50,92,108,92,108,35,4,regular,Brazil
443,gabite,Dragon,Ground,300,58,70,45,40,45,42,4,regular,Japan
444,garchomp,Dragon,Ground,410,68,90,65,50,55,82,4,regular,Canada
445,munchlax,Dragon,Ground,600,108,130,95,80,85,102,4,regular,Japan
446,riolu,Normal,Normal,390,135,85,40,40,85,5,4,regular,United States
447,lucario,Fighting,Fighting,285,40,70,40,35,40,60,4,regular,Ireland
448,hippopotas,Fighting,Steel,525,70,110,70,115,70,90,4,regular,Japan
449,hippowdon,Ground,Ground,330,68,72,78,38,42,32,4,regular,United States
450,skorupi,Ground,Ground,525,108,112,118,68,72,47,4,regular,United States
451,drapion,Poison,Bug,330,40,50,90,30,55,65,4,regular,United States
452,croagunk,Poison,Dark,500,70,90,110,60,75,95,4,regular,Japan
453,toxicroak,Poison,Fighting,300,48,61,40,61,40,50,4,regular,Japan
454,carnivine,Poison,Fighting,490,83,106,65,86,65,85,4,regular,Japan
455,finneon,Grass,Grass,454,74,100,72,90,72,46,4,regular,United States
456,lumineon,Water,Water,330,49,49,56,49,61,66,4,regular,Japan
457,mantyke,Water,Water,460,69,69,76,69,86,91,4,regular,United States
458,snover,Water,Flying,345,45,20,50,60,120,50,4,regular,Japan
459,abomasnow,Grass,Ice,334,60,62,50,62,60,40,4,regular,Japan
460,weavile,Grass,Ice,494,90,92,75,92,85,60,4,regular,Japan
461,magnezone,Dark,Ice,510,70,120,65,45,85,125,4,regular,Japan
462,lickilicky,Electric,Steel,535,70,70,115,130,90,60,4,regular,United States
463,rhyperior,Normal,Normal,515,110,85,95,80,95,50,4,regular,Japan
464,tangrowth,Ground,Rock,535,115,140,130,55,55,40,4,regular,Sweden
465,electivire,Grass,Grass,535,100,100,125,110,50,50,4,regular,Japan
466,magmortar,Electric,Electric,540,75,123,67,95,85,95,4,regular,Canada
467,togekiss,Fire,Fire,540,75,95,67,125,95,83,4,regular,United States
468,yanmega,Fairy,Flying,545,85,50,95,120,115,80,4,regular,Japan
469,leafeon,Bug,Flying,515,86,76,86,116,56,95,4,regular,Japan
470,glaceon,Grass,Grass,525,65,110,130,60,65,95,4,regular,United States
471,gliscor,Ice,Ice,525,65,60,110,130,95,65,4,regular,France
472,mamoswine,Ground,Flying,510,75,95,125,45,75,95,4,regular,United States
473,porygon-z,Ice,Ground,530,110,130,80,70,60,80,4,regular,United States
474,gallade,Normal,Normal,535,85,80,70,135,75,90,4,regular,United States
475,probopass,Psychic,Fighting,518,68,125,65,65,115,80,4,regular,United States
476,dusknoir,Rock,Steel,525,60,55,145,75,150,40,4,regular,United Kingdom
477,froslass,Ghost,Ghost,525,45,100,135,65,135,45,4,regular,Germany
478,rotom,Ice,Ghost,480,70,80,70,80,70,110,4,regular,United States
479,uxie,Electric,Ghost,440,50,50,77,95,77,91,4,regular,Germany
480,mesprit,Psychic,Psychic,580,75,75,130,75,130,95,4,legendary,United States
481,azelf,Psychic,Psychic,580,80,105,105,105,105,80,4,legendary,United States
482,dialga,Psychic,Psychic,580,75,125,70,125,70,115,4,legendary,United States
483,palkia,Steel,Dragon,680,100,120,120,150,100,90,4,legendary,United States
484,heatran,Water,Dragon,680,90,120,100,150,120,100,4,legendary,France
485,regigigas,Fire,Steel,600,91,90,106,130,106,77,4,legendary,Netherlands
486,giratina-altered,Normal,Normal,670,110,160,110,80,110,100,4,legendary,Germany
487,cresselia,Ghost,Dragon,680,150,100,120,100,120,90,4,legendary,Germany
488,phione,Psychic,Psychic,600,120,70,120,75,130,85,4,regular,United Kingdom
489,manaphy,Water,Water,480,80,80,80,80,80,80,4,regular,France
490,darkrai,Water,Water,600,100,100,100,100,100,100,4,regular,United States
491,shaymin-land,Dark,Dark,600,70,90,90,135,90,125,4,legendary,United States
492,arceus,Grass,Grass,600,100,100,100,100,100,100,4,legendary,Italy
493,victini,Normal,Normal,720,120,120,120,120,120,120,4,legendary,Brazil
494,snivy,Psychic,Fire,600,100,100,100,100,100,100,5,legendary,United States
495,servine,Grass,Grass,308,45,45,55,45,55,63,5,regular,Peru
496,serperior,Grass,Grass,413,60,60,75,60,75,83,5,regular,Spain
497,tepig,Grass,Grass,528,75,75,95,75,95,113,5,regular,United States
498,pignite,Fire,Fire,308,65,63,45,45,45,45,5,regular,Finland
499,emboar,Fire,Fighting,418,90,93,55,70,55,55,5,regular,Russia
500,oshawott,Fire,Fighting,528,110,123,65,100,65,65,5,regular,South Korea
501,dewott,Water,Water,308,55,55,45,63,45,45,5,regular,Japan
502,samurott,Water,Water,413,75,75,60,83,60,60,5,regular,United States
503,patrat,Water,Water,528,95,100,85,108,70,70,5,regular,Japan
504,watchog,Normal,Normal,255,45,55,39,35,39,42,5,regular,Japan
505,lillipup,Normal,Normal,420,60,85,69,60,69,77,5,regular,Japan
506,herdier,Normal,Normal,275,45,60,45,25,45,55,5,regular,Canada
507,stoutland,Normal,Normal,370,65,80,65,35,65,60,5,regular,United States
508,purrloin,Normal,Normal,500,85,110,90,45,90,80,5,regular,Japan
509,liepard,Dark,Dark,281,41,50,37,50,37,66,5,regular,Japan
510,pansage,Dark,Dark,446,64,88,50,88,50,106,5,regular,United States
511,simisage,Grass,Grass,316,50,53,48,53,48,64,5,regular,France
512,pansear,Grass,Grass,498,75,98,63,98,63,101,5,regular,United States
513,simisear,Fire,Fire,316,50,53,48,53,48,64,5,regular,Japan
514,panpour,Fire,Fire,498,75,98,63,98,63,101,5,regular,United States
515,simipour,Water,Water,316,50,53,48,53,48,64,5,regular,Japan
516,munna,Water,Water,498,75,98,63,98,63,101,5,regular,United States
517,musharna,Psychic,Psychic,292,76,25,45,67,55,24,5,regular,Japan
518,pidove,Psychic,Psychic,487,116,55,85,107,95,29,5,regular,Japan
519,tranquill,Normal,Flying,264,50,55,50,36,30,43,5,regular,Japan
520,unfezant,Normal,Flying,358,62,77,62,50,42,65,5,regular,Germany
521,blitzle,Normal,Flying,488,80,115,80,65,55,93,5,regular,United States
522,zebstrika,Electric,Electric,295,45,60,32,50,32,76,5,regular,Germany
523,roggenrola,Electric,Electric,497,75,100,63,80,63,116,5,regular,United States
524,boldore,Rock,Rock,280,55,75,85,25,25,15,5,regular,United States
525,gigalith,Rock,Rock,390,70,105,105,50,40,20,5,regular,United States
526,woobat,Rock,Rock,515,85,135,130,60,80,25,5,regular,United States
527,swoobat,Psychic,Flying,313,55,45,43,55,43,72,5,regular,France
528,drilbur,Psychic,Flying,425,67,57,55,77,55,114,5,regular,Netherlands
529,excadrill,Ground,Ground,328,60,85,40,30,45,68,5,regular,Germany
530,audino,Ground,Steel,508,110,135,60,50,65,88,5,regular,Germany
531,timburr,Normal,Normal,445,103,60,86,60,86,50,5,regular,United Kingdom
532,gurdurr,Fighting,Fighting,305,75,80,55,25,35,35,5,regular,France
533,conkeldurr,Fighting,Fighting,405,85,105,85,40,50,40,5,regular,United States
534,tympole,Fighting,Fighting,505,105,140,95,55,65,45,5,regular,United States
535,palpitoad,Water,Water,294,50,50,40,50,40,64,5,regular,Italy
536,seismitoad,Water,Ground,384,75,65,55,65,55,69,5,regular,Italy
537,throh,Water,Ground,509,105,95,75,85,75,74,5,regular,Italy
538,sawk,Fighting,Fighting,465,120,100,85,30,85,45,5,regular,Italy
539,sewaddle,Fighting,Fighting,465,75,125,75,30,75,85,5,regular,France
540,swadloon,Bug,Grass,310,45,53,70,40,60,42,5,regular,Japan
541,leavanny,Bug,Grass,380,55,63,90,50,80,42,5,regular,Spain
542,venipede,Bug,Grass,500,75,103,80,70,80,92,5,regular,Germany
543,whirlipede,Bug,Poison,260,30,45,59,30,39,57,5,regular,United States
544,scolipede,Bug,Poison,360,40,55,99,40,79,47,5,regular,France
545,cottonee,Bug,Poison,485,60,100,89,55,69,112,5,regular,France
546,whimsicott,Grass,Fairy,280,40,27,60,37,50,66,5,regular,United States
547,petilil,Grass,Fairy,480,60,67,85,77,75,116,5,regular,United Kingdom
548,lilligant,Grass,Grass,280,45,35,50,70,50,30,5,regular,United Kingdom
549,basculin-red-striped,Grass,Grass,480,70,60,75,110,75,90,5,regular,United States
550,sandile,Water,Water,460,70,92,65,80,55,98,5,regular,Japan
551,krokorok,Ground,Dark,292,50,72,35,35,35,65,5,regular,Germany
552,krookodile,Ground,Dark,351,60,82,45,45,45,74,5,regular,Japan
553,darumaka,Ground,Dark,519,95,117,80,65,70,92,5,regular,Italy
554,darmanitan-standard,Fire,Fire,315,70,90,45,15,45,50,5,regular,Japan
555,maractus,Fire,Fire,480,105,140,55,30,55,95,5,regular,United States
556,dwebble,Grass,Grass,461,75,86,67,106,67,60,5,regular,Japan
557,crustle,Bug,Rock,325,50,65,85,35,35,55,5,regular,United States
558,scraggy,Bug,Rock,475,70,95,125,65,75,45,5,regular,United States
559,scrafty,Dark,Fighting,348,50,75,70,35,70,48,5,regular,Germany
560,sigilyph,Dark,Fighting,488,65,90,115,45,115,58,5,regular,United States
561,yamask,Psychic,Flying,490,72,58,80,103,80,97,5,regular,Japan
562,cofagrigus,Ghost,Ghost,303,38,30,85,55,65,30,5,regular,United States
563,tirtouga,Ghost,Ghost,483,58,50,145,95,105,30,5,regular,United States
564,carracosta,Water,Rock,355,54,78,103,53,45,22,5,regular,Germany
565,archen,Water,Rock,495,74,108,133,83,65,32,5,regular,United States
566,archeops,Rock,Flying,401,55,112,45,74,45,70,5,regular,France
567,trubbish,Rock,Flying,567,75,140,65,112,65,110,5,regular,France
568,garbodor,Poison,Poison,329,50,50,62,40,62,65,5,regular,United States
569,zorua,Poison,Poison,474,80,95,82,60,82,75,5,regular,United States
570,zoroark,Dark,Dark,330,40,65,40,80,40,65,5,regular,France
571,minccino,Dark,Dark,510,60,105,60,120,60,105,5,regular,France
572,cinccino,Normal,Normal,300,55,50,40,40,40,75,5,regular,United States
573,gothita,Normal,Normal,470,75,95,60,65,60,115,5,regular,United Kingdom
574,gothorita,Psychic,Psychic,290,45,30,50,55,65,45,5,regular,France
575,gothitelle,Psychic,Psychic,390,60,45,70,75,85,55,5,regular,United States
576,solosis,Psychic,Psychic,490,70,55,95,95,110,65,5,regular,United States
577,duosion,Psychic,Psychic,290,45,30,40,105,50,20,5,regular,Italy
578,reuniclus,Psychic,Psychic,370,65,40,50,125,60,30,5,regular,Brazil
579,ducklett,Psychic,Psychic,490,110,65,75,125,85,30,5,regular,United States
580,swanna,Water,Flying,305,62,44,50,44,50,55,5,regular,Peru
581,vanillite,Water,Flying,473,75,87,63,87,63,98,5,regular,France
582,vanillish,Ice,Ice,305,36,50,50,65,60,44,5,regular,Germany
583,vanilluxe,Ice,Ice,395,51,65,65,80,75,59,5,regular,United States
584,deerling,Ice,Ice,535,71,95,85,110,95,79,5,regular,Germany
585,sawsbuck,Normal,Grass,335,60,60,50,40,50,75,5,regular,Germany
586,emolga,Normal,Grass,475,80,100,70,60,70,95,5,regular,United States
587,karrablast,Electric,Flying,428,55,75,60,75,60,103,5,regular,Brazil
588,escavalier,Bug,Bug,315,50,75,45,40,45,60,5,regular,Japan
589,foongus,Bug,Steel,495,70,135,105,60,105,20,5,regular,Mexico
590,amoonguss,Grass,Poison,294,69,55,45,55,55,15,5,regular,Germany
591,frillish,Grass,Poison,464,114,85,70,85,80,30,5,regular,Mexico
592,jellicent,Water,Ghost,335,55,40,50,65,85,40,5,regular,United States
593,alomomola,Water,Ghost,480,100,60,70,85,105,60,5,regular,Italy
594,joltik,Water,Water,470,165,75,80,40,45,65,5,regular,Germany
595,galvantula,Bug,Electric,319,50,47,50,57,50,65,5,regular,Italy
596,ferroseed,Bug,Electric,472,70,77,60,97,60,108,5,regular,Italy
597,ferrothorn,Grass,Steel,305,44,50,91,24,86,10,5,regular,France
598,klink,Grass,Steel,489,74,94,131,54,116,20,5,regular,United States
599,klang,Steel,Steel,300,40,55,70,45,60,30,5,regular,United States
600,klinklang,Steel,Steel,440,60,80,95,70,85,50,5,regular,Japan
601,tynamo,Steel,Steel,520,60,100,115,70,85,90,5,regular,United States
602,eelektrik,Electric,Electric,275,35,55,40,45,40,60,5,regular,Spain
603,eelektross,Electric,Electric,405,65,85,70,75,70,40,5,regular,Spain
604,elgyem,Electric,Electric,515,85,115,80,105,80,50,5,regular,United States
605,beheeyem,Psychic,Psychic,335,55,55,55,85,55,30,5,regular,Finland
606,litwick,Psychic,Psychic,485,75,75,75,125,95,40,5,regular,Japan
607,lampent,Ghost,Fire,275,50,30,55,65,55,20,5,regular,South Korea
608,chandelure,Ghost,Fire,370,60,40,60,95,60,55,5,regular,United States
609,axew,Ghost,Fire,520,60,55,90,145,90,80,5,regular,Canada
610,fraxure,Dragon,Dragon,320,46,87,60,30,40,57,5,regular,Germany
611,haxorus,Dragon,Dragon,410,66,117,70,40,50,67,5,regular,Canada
612,cubchoo,Dragon,Dragon,540,76,147,90,60,70,97,5,regular,Belgium
613,beartic,Ice,Ice,305,55,70,40,60,40,40,5,regular,Germany
614,cryogonal,Ice,Ice,485,95,110,80,70,80,50,5,regular,United States
615,shelmet,Ice,Ice,485,70,50,30,95,135,105,5,regular,United States
616,accelgor,Bug,Bug,305,50,40,85,40,65,25,5,regular,Mexico
617,stunfisk,Bug,Bug,495,80,70,40,100,60,145,5,regular,Mexico
618,mienfoo,Ground,Electric,471,109,66,84,81,99,32,5,regular,Mexico
619,mienshao,Fighting,Fighting,350,45,85,50,55,50,65,5,regular,Japan
620,druddigon,Fighting,Fighting,510,65,125,60,95,60,105,5,regular,South Korea
621,golett,Dragon,Dragon,485,77,120,90,60,90,48,5,regular,United States
622,golurk,Ground,Ghost,303,59,74,50,35,50,35,5,regular,Canada
623,pawniard,Ground,Ghost,483,89,124,80,55,80,55,5,regular,Japan
624,bisharp,Dark,Steel,340,45,85,70,40,40,60,5,regular,Japan
625,bouffalant,Dark,Steel,490,65,125,100,60,70,70,5,regular,Japan
626,rufflet,Normal,Normal,490,95,110,95,40,95,55,5,regular,United States
627,braviary,Normal,Flying,350,70,83,50,37,50,60,5,regular,Italy
628,vullaby,Normal,Flying,510,100,123,75,57,75,80,5,regular,France
629,mandibuzz,Dark,Flying,370,70,55,75,45,65,60,5,regular,Anguilla
630,heatmor,Dark,Flying,510,110,65,105,55,95,80,5,regular,United States
631,durant,Fire,Fire,484,85,97,66,105,66,65,5,regular,Canada
632,deino,Bug,Steel,484,58,109,112,48,48,109,5,regular,United Kingdom
633,zweilous,Dark,Dragon,300,52,65,50,45,50,38,5,regular,Anguilla
634,hydreigon,Dark,Dragon,420,72,85,70,65,70,58,5,regular,United States
635,larvesta,Dark,Dragon,600,92,105,90,125,90,98,5,regular,Canada
636,volcarona,Bug,Fire,360,55,85,55,50,55,60,5,regular,United Kingdom
637,cobalion,Bug,Fire,550,85,60,65,135,105,100,5,regular,Canada
638,terrakion,Steel,Fighting,580,91,90,129,90,72,108,5,legendary,United Kingdom
639,virizion,Rock,Fighting,580,91,129,90,72,90,108,5,legendary,South Korea
640,tornadus-incarnate,Grass,Fighting,580,91,90,72,90,129,108,5,legendary,South Korea
641,thundurus-incarnate,Flying,Flying,580,79,115,70,125,80,111,5,legendary,South Korea
642,reshiram,Electric,Flying,580,79,115,70,125,80,111,5,legendary,United States
643,zekrom,Dragon,Fire,680,100,120,100,150,120,90,5,legendary,Japan
644,landorus-incarnate,Dragon,Electric,680,100,150,120,120,100,90,5,legendary,Japan
645,kyurem,Ground,Flying,600,89,125,90,115,80,101,5,legendary,United States
646,keldeo-ordinary,Dragon,Ice,660,125,130,90,130,90,95,5,legendary,Japan
647,meloetta-aria,Water,Fighting,580,91,72,90,129,90,108,5,regular,Japan
648,genesect,Normal,Psychic,600,100,77,77,128,128,90,5,regular,South Korea
649,chespin,Bug,Steel,600,71,120,95,120,95,99,5,regular,Russia
650,quilladin,Grass,Grass,313,56,61,65,48,45,38,6,regular,Japan
651,chesnaught,Grass,Grass,405,61,78,95,56,58,57,6,regular,United States
652,fennekin,Grass,Fighting,530,88,107,122,74,75,64,6,regular,South Korea
653,braixen,Fire,Fire,307,40,45,40,62,60,60,6,regular,United States
654,delphox,Fire,Fire,409,59,59,58,90,70,73,6,regular,Russia
655,froakie,Fire,Psychic,534,75,69,72,114,100,104,6,regular,Russia
656,frogadier,Water,Water,314,41,56,40,62,44,71,6,regular,South Korea
657,greninja,Water,Water,405,54,63,52,83,56,97,6,regular,Japan
658,bunnelby,Water,Dark,530,72,95,67,103,71,122,6,regular,United States
659,diggersby,Normal,Normal,237,38,36,38,32,36,57,6,regular,Russia
660,fletchling,Normal,Ground,423,85,56,77,50,77,78,6,regular,South Korea
661,fletchinder,Normal,Flying,278,45,50,43,40,38,62,6,regular,Japan
662,talonflame,Fire,Flying,382,62,73,55,56,52,84,6,regular,United States
663,scatterbug,Fire,Flying,499,78,81,71,74,69,126,6,regular,Russia
664,spewpa,Bug,Bug,200,38,35,40,27,25,35,6,regular,South Korea
665,vivillon,Bug,Bug,213,45,22,60,27,30,29,6,regular,Switzerland
666,litleo,Bug,Flying,411,80,52,50,90,50,89,6,regular,Japan
667,pyroar,Fire,Normal,369,62,50,58,73,54,72,6,regular,United States
668,flabebe,Fire,Normal,507,86,68,72,109,66,106,6,regular,Russia
669,floette,Fairy,Fairy,303,44,38,39,61,79,42,6,regular,Russia
670,florges,Fairy,Fairy,371,54,45,47,75,98,52,6,regular,South Korea
671,skiddo,Fairy,Fairy,552,78,65,68,112,154,75,6,regular,Japan
672,gogoat,Grass,Grass,350,66,65,48,62,57,52,6,regular,Japan
673,pancham,Grass,Grass,531,123,100,62,97,81,68,6,regular,United States
674,pangoro,Fighting,Fighting,348,67,82,62,46,48,43,6,regular,Italy
675,furfrou,Fighting,Dark,495,95,124,78,69,71,58,6,regular,France
676,espurr,Normal,Normal,472,75,80,60,65,90,102,6,regular,Anguilla
677,meowstic-male,Psychic,Psychic,355,62,48,54,63,60,68,6,regular,United States
678,honedge,Psychic,Psychic,466,74,48,76,83,81,104,6,regular,Canada
679,doublade,Steel,Ghost,325,45,80,100,35,37,28,6,regular,France
681,spritzee,Steel,Ghost,480,60,110,110,110,50,60,6,regular,Anguilla
682,aromatisse,Fairy,Fairy,341,78,52,60,63,65,23,6,regular,Switzerland
683,swirlix,Fairy,Fairy,462,101,72,72,99,89,29,6,regular,Switzerland
684,slurpuff,Fairy,Fairy,341,62,48,66,59,57,49,6,regular,Thailand
685,inkay,Fairy,Fairy,480,82,80,86,85,75,72,6,regular,Thailand
686,malamar,Dark,Psychic,288,53,54,53,37,46,45,6,regular,Switzerland
687,binacle,Dark,Psychic,482,86,92,88,68,75,73,6,regular,South Korea
688,barbaracle,Rock,Water,306,42,52,67,39,56,50,6,regular,Switzerland
689,skrelp,Rock,Water,500,72,105,115,54,86,68,6,regular,South Korea
690,dragalge,Poison,Water,320,50,60,60,60,60,30,6,regular,Switzerland
691,clauncher,Poison,Dragon,494,65,75,90,97,123,44,6,regular,Thailand
692,clawitzer,Water,Water,330,50,53,62,58,63,44,6,regular,Thailand
693,helioptile,Water,Water,500,71,73,88,120,89,59,6,regular,Thailand
694,heliolisk,Electric,Normal,289,44,38,33,61,43,70,6,regular,Thailand
695,tyrunt,Electric,Normal,481,62,55,52,109,94,109,6,regular,Thailand
696,tyrantrum,Rock,Dragon,362,58,89,77,45,45,48,6,regular,Thailand
697,amaura,Rock,Dragon,521,82,121,119,69,59,71,6,regular,South Korea
698,aurorus,Rock,Ice,362,77,59,50,67,63,46,6,regular,South Korea
699,sylveon,Rock,Ice,521,123,77,72,99,92,58,6,regular,United States
700,hawlucha,Fairy,Fairy,525,95,65,65,110,130,60,6,regular,United Kingdom
701,dedenne,Fighting,Flying,500,78,92,75,74,63,118,6,regular,France
702,carbink,Electric,Fairy,431,67,58,57,81,67,101,6,regular,United States
703,goomy,Rock,Fairy,500,50,50,150,50,150,50,6,regular,United States
704,sliggoo,Dragon,Dragon,300,45,50,35,55,75,40,6,regular,Italy
705,goodra,Dragon,Dragon,452,68,75,53,83,113,60,6,regular,Brazil
706,klefki,Dragon,Dragon,600,90,100,70,110,150,80,6,regular,United States
707,phantump,Steel,Fairy,470,57,80,91,80,87,75,6,regular,Peru
708,trevenant,Ghost,Grass,309,43,70,48,50,60,38,6,regular,France
709,pumpkaboo-average,Ghost,Grass,474,85,110,76,65,82,56,6,regular,Germany
710,gourgeist-average,Ghost,Grass,335,49,66,70,44,55,51,6,regular,United States
711,bergmite,Ghost,Grass,494,65,90,122,58,75,84,6,regular,Germany
712,avalugg,Ice,Ice,304,55,69,85,32,35,28,6,regular,Germany
713,noibat,Ice,Ice,514,95,117,184,44,46,28,6,regular,Japan
714,noivern,Flying,Dragon,245,40,30,35,45,40,55,6,regular,Japan
715,xerneas,Flying,Dragon,535,85,70,80,97,80,123,6,regular,United States
716,yveltal,Fairy,Fairy,680,126,131,95,131,98,99,6,legendary,Japan
717,zygarde-50,Dark,Flying,680,126,131,95,131,98,99,6,legendary,Japan
718,diancie,Dragon,Ground,600,108,100,121,81,95,95,6,legendary,Japan
719,hoopa-confined,Rock,Fairy,600,50,100,150,100,150,50,6,legendary,Japan
720,volcanion,Psychic,Ghost,600,80,110,60,150,130,70,6,legendary,United States
721,rowlet,Fire,Water,600,80,110,120,130,90,70,6,legendary,Germany
